Cuvant	Derivat	Diminutiv	Comentariu	Sursa	Sufix
aciuaș	A	0		a aciua	aș
acrobatică		0		acrobat	ică
actoraș	1	1		actor	aș
actoriță	Fem	0		actor	iță
acustică		0		acustic	ică
adogmatic		0		dogmă	ic
aerodinamică		0		aerodinam	ică
aeronautică		0		aeronaut	ică
aerostatică		0		aerostat	ică
afișor		0		afișa	ișor
africanistică		0		africanist	ică
agonistică		0		agonisită	ică
agrotehnică		0		agrotehnic	ică
agrozootehnică		0		agrozootehnie	ică
albinărel	1	1		albinar	el
albinioară		1		albină	ioară
albiniță		1		albină	iță
albinușă		1		albină	ușă
albișor	1	1		alb	ișor
alcoolic		0		alcool	ic
algoritmică		0		algoritm	ică
alunaș	1	1		alun	aș
alunel	1	1		alun	el
americanistică		0		americanist	ică
amharică		0		amhar	ică
amică	Fem	0		amic	ică
amoraș	1	1		amor	aș
analfabet		0		alfabet	et
analgezic		0		analgezie	ic
anecdotică		0		anecdotă	ică
anestezic		0		anestezie	ic
anglistică		0		anglist	ică
anișor	1	1		an	ișor
antialgic		0		algie	ic
antibiotic		0		antibioză	ic
anticriptogamic		0		criptogamă	ic
antidiabetic		0		diabet	ic
antinevralgic		0		nevralgie	ic
antipiretic		0		antipirină	ic
antipsihotic		0		psihoză	ic
antrețel	1	1		antreu	ețel
antroponimic		0		antroponim	ic
antroponomastică		0		antonomasie	ică
aplică		0		aplica	ică
apologet		0		apolog	et
apologetică		0		apologet	ică
arabistică		0		arabist	ică
arboraș	1	1		arbore	aș
arcaș	A	0		arc	aș
ardeiaș	1	1		ardei	aș
arendaș	A	0		arendă	aș
arendășiță	Fem	0		arendaș	iță
argățel	1	1		argat	el
arhitectonică		0		arhitect	ică
arhivistică		0		arhivist	ică
arhondăriță	Fem	0		arhondar	iță
aripioară		1		aripă	ioară
armaș	A	0		armă	aș
armăsăraș	1	1		armăsar	aș
armăsăruș		1		armăsar	uș
armășel	1	1		armaș	el
arnăuțel	1	1		arnăut	el
arsenic		0		arsen	ic
articolaș	1	1		articol	aș
artritic		0		artrită	ic
arțăraș	1	1		arțar	aș
ascetică		0		ascet	ică
ascitic		0		ascită	ic
astenic		0		astenie	ic
astmatic		0		astm	ic
astronautică		0		astronaut	ică
ataraxic		0		ataraxie	ic
atletică		0		atlet	ică
atomistică		0		atomist	ică
ațișoară		1		ață	ișoară
aușel	1	1	cuvânt dispărut not in DOOM3	auș	el
autocritică		0		autocrat	ică
automatică		0		automat	ică
autoraș	1	1		autor	aș
avocățel	1	1		avocat	el
baboiaș	1	1		baboi	aș
bacteriostatic		0		bacteriostază	ic
baideraș	1	1		baider	aș
balauroaică	Fem	0		balaur	ică
balcanistică		0		balcanist	ică
balconaș	1	1		balcon	aș
balistică		0		balistă	ică
balonaș	1	1		balon	aș
barmaniță	Fem	0		barman	iță
baronet		0		baron	et
bastonaș	1	1		baston	aș
bavețică		1		bavetă	ică
băcănioară		1		băcănie	ioară
bădișor	1	1		bade	ișor
bădițel	1	1		bădiță	el
bădițică		1		bădiță	ică
băiaș	A	0		baie	aș
băieșiță	Fem	0		băieș	iță
băietănaș	1	1		băietan	aș
băiețaș	1	1		băiat	aș
băiețel	1	1		băiat	el
băloșel	1	1	planta (adj.)	bălos	el
băltăgel	1	1		baltag	el
bălticică		1		baltă	icică
bănicioară		1		baniță	ioară
bănișor	1	1		ban	ișor
bănuțel	1	1		bănuț	el
bărbătuș		1		bărbat	uș
bărbățel	1	1		bărbat	el
bărbieriță	Fem	0		bărbier	iță
bărbișoară		1		barbă	ișoară
bărdaș	A	0		bardă	aș
băștinaș	A	0		baștină	aș
bătăiaș	A	0		bătaie	aș
bătrânel	1	1		bătrân	el
bătrânet		0		bătrân	et
băuturică		1		băutură	ică
bâtlănaș	1	1		bâtlan	aș
becheraș	1	1		becher	aș
berbecel	1	1		berbec	el
berbecuț		1		berbec	uț
betonică		0		beton	ică
bețigaș	1	1		băț	aș
bețișor	1	1		băț	ișor
biciușor		1		bici	ușor
bilețel	1	1		bilet	el
bioetică		0		etic	ică
biofizică		0		fizic	ică
biomecanică		0		biomecanic	ică
birtaș	A	0		birt	aș
birtășiță	Fem	0		birtaș	iță
bivoliță	Fem	0		bivol	iță
bizantinistică		0		bizantinist	ică
bloggeriță	Fem	0		blogger	iță
bluziță		1		bluză	iță
bluzuliță		1		bluză	uliță
bobocel	1	1		boboc	el
bogătaș	A	0		bogat	aș
boieriță	Fem	0		boier	iță
boiernaș	1	1		boier	aș
boieroaică	Fem	0		boier	ică
boldișor	1	1		bold	ișor
bolovănel	1	1		bolovan	el
boltaș	A	0		boltă	aș
boltișoară		1		boltă	ișoară
boltiță		1		boltă	iță
bondăraș	1	1		bondar	aș
bonețică		1		bonetă	ică
borcănaș	1	1		borcan	aș
bordeiaș	1	1		bordei	aș
borfaș	A	0		boarfă	aș
borșișor	1	1		borș	ișor
borșișor		1		borș	ișor
bostănel	1	1		bostan	el
botișor	1	1		bot	ișor
botoșel	1	1		botoș	el
boțișor	1	1		boț	ișor
bourel	1	1		bour	el
bouț		1		bou	uț
brădățel	1	1		brădet	el
brădișor	1	1		brad	ișor
brăduleț		1		brad	uleț
brățișor	1	1		braț	ișor
brățișor		1		braț	ișor
brândușică		1		brândușă	ică
brândușiță		1		brândușă	iță
brânișor	1	1		brână	ișor
brânzoaică		0		brânză	ică
brebenel	1	1	plantă	breabăn	el
breslaș	A	0		breaslă	aș
brișculiță		1		brișcă	uliță
britanic		0		britan	ic
broșurică		1		broșură	ică
brotăcel	1	1		brotac	el
brumărel	1	1		brumar	el
bucătărioară		1		bucătărie	ioară
bucățel	1	1	(planta) -ea + el	bucățea	el
bucățică		1		bucată	ică
buchețel	1	1		buchet	el
buciumaș	1	1		bucium	aș
buclucaș	A	0		bucluc	aș
buhăiaș	1	1		buhai	aș
buiestraș	A	0		buiestru	aș
bujoraș	1	1		bujor	aș
bujorel	1	1		bujor	el
bulgăraș	1	1		bulgăre	aș
bulgăroaică	Fem	0		bulgar	ică
bulzișor	1	1		bulz	ișor
bulzișor		1		bulz	ișor
bumbăcel	1	1		bumbac	el
bunel	1	1		bun	el
buntaș	A	0		bunt	aș
burcușoară		1		burcă	ușoară
burdușel	1	1		burduf	el
burețel	1	1		buret	el
burghiaș	1	1	insecta	burghiu	aș
bursucel	1	1		bursuc	el
burtică		1		burtă	ică
burticică		1		burtă	icică
butoiaș	1	1		butoi	aș
butucaș	1	1		butuc	aș
butucel	1	1		butuc	el
buzișoară		1		buză	ișoară
buzunăraș	1	1		buzunar	aș
buzunărel	1	1		buzunar	el
cafegioaică	Fem	0		cafegiu	ică
caicel	1	1	ca`ic	caic	el
caiețel	1	1		caiet	el
canonic		0		canon	ic
cantonieriță	Fem	0		cantonier	iță
capitălaș	1	1		capital	aș
capoțel	1	1		capot	el
carabușcă		1		carabă	ușcă
caraulaș	1	1	fem - strajă, străjer	caraulă	aș
caretaș	A	0		caretă	aș
carnețel	1	1		carnet	el
cartofior		1		cartof	ior
cartonaș	1	1		carton	aș
casieriță	Fem	0		casier	iță
castravecior		1		castravete	ior
castronaș	1	1		castron	aș
castronel	1	1		castron	el
cazacioc		0		cazac	oc
cazuistică		0		cazuist	ică
căciuliță		1		căciulă	uliță
căftănel	1	1		caftan	el
căierel	1	1	`ca-ier	caier	el
căișor	1	1		cal	ișor
călăraș	A	0		călare	aș
călcâiaș	1	1		călcâi	aș
căldăraș	A	0		căldare	aș
căldărușă		1		căldare	ușă
căldurică		1		căldură	ică
călțunaș	1	1		călțun	aș
călugăraș	1	1		călugăr	aș
călugăriță	Fem	0		călugăr	iță
călușel	1	1		căluș	el
cămăraș	A	0		cămară	aș
cămărășel	1	1		cămăraș	el
cămărășiță	Fem	0		cămăraș	iță
cămășuică		1		cămașă	uică
cănăraș	1	1		canar	aș
căpăcel	1	1	ordine	capac	el
căpicioară		1		căpiță	ioară
căpitălaș	1	1		capital	aș
căpitănaș	1	1		căpitan	aș
căprioraș	1	1		căprior	aș
căprișoară		1		capră	ișoară
căpșunică		1		căpșun	ică
cărăbușel	1	1		cărăbuș	el
cărăruică		1		cărare	uică
cărărușă		1		cărare	ușă
cărășel	1	1	ca`ras	caras	el
cărbunaș	1	1		cărbune	aș
cărnicică		1		carne	icică
cărnișoară		1		carne	ișoară
cărpinaș	A	0		carpen	aș
cărțișoară		1		carte	ișoară
căruțaș	A	0		căruță	aș
căscioară		1		căsuță	ioară
căsișoară		1		casă	ișoară
cătăniță		1		cătană	iță
cățeluș		1		cățel	uș
cățelușă		1		cățea	ușă
căușel	1	1		căuș	el
căuzaș	A	0		cauză	aș
căvălaș	1	1		caval	aș
căzănel	1	1	ordine	cazan	el
câmpușor		1		câmp	ușor
cânepioară		1		cânepă	ioară
cântecel	1	1		cântec	el
cârciumăriță	Fem	0		cârciumar	iță
cârciumioară		1		cârciumă	ioară
cârcotaș	A	0		cârcotă	aș
cârdișor	1	1		cârd	ișor
cârdișor		1		cârd	ișor
cârlănaș	1	1		cârlan	aș
cârligaș	1	1		cârlig	aș
cârligel	1	1		cârlig	el
cârpișoară		1		cârpă	ișoară
cârpușoară		1		cârpă	ușoară
ceaunaș	1	1		ceaun	aș
ceaușel	1	1		ceauș	el
celărel	1	1		celar	el
cepușoară		1		ceapă	ușoară
cercănel	1	1		cearcăn	el
cerceluș		1		cercel	uș
cercetaș	A	0		a cerceta	aș
cerculeț		1		cerc	uleț
cercurel	1	1		cerc	urel
cercușor		1		cerc	ușor
cerdăcel	1	1		cerdac	el
ceroplastică		0		coroplast	ică
ceșculiță		1		ceașcă	uliță
cetaș	A	0		ceată	aș
ceteraș	A	0		ceteră	aș
cetiniță		1		cetină	iță
chefuleț		1		chef	uleț
chefușor		1		chef	ușor
cheiță		1		cheie	iță
chelăriță	Fem	0		chelar	iță
chelneriță	Fem	0		chelner	iță
chenăraș	1	1		chenar	aș
chiaburaș	1	1		chiabur	aș
chiaburoaică	Fem	0		chiabur	ică
chiculiță		1		chică	uliță
chilioară		1		chil	ioară
chilipirgioaică	Fem	0		chilipirgiu	ică
chimiraș	1	1		chimir	aș
chinezoaică	Fem	0		chinez	ică
chinguliță		1		chingă	uliță
chipușor		1		chip	ușor
chiriaș	A	0		chirie	aș
chirighiță	Fem	0		chirigiu	iță
chiulangioaică		0		chiulangiu	ică
cimbrișor	1	1		cimbru	ișor
cimbrișor		1		cimbru	ișor
cimpoiaș	1	1		cimpoi	aș
cincărel	1	1		cincar	el
ciobănaș	1	1		cioban	aș
ciobănel	1	1		cioban	el
ciobăniță		1		cioban	iță
ciobuleț		1		ciob	uleț
ciocănaș	1	1		ciocan	aș
ciocănel	1	1		ciocan	el
ciocoaică	Fem	0		ciocoi	ică
ciocoiaș	1	1		ciocoi	aș
cioculeț		1		cioc	uleț
ciolănaș	1	1		ciolan	aș
ciolănel	1	1		ciolan	el
ciomăgaș	1	1		ciomag	aș
ciomăgel	1	1		ciomag	el
cioroaică	Fem	0		cioroi	ică
ciortănaș	1	1	crap mic	ciortan	aș
citodiagnostic		0		diagnoză	ic
ciubăraș	1	1		ciubăr	aș
ciuboțică		1		ciubotă	ică
ciuciulete		0		ciuciur	ete
ciucuraș	1	1		ciucure	aș
ciucurel	1	1		ciucure	el
ciurel	1	1		ciur	el
cizmuliță		1		cizmă	uliță
claponaș	1	1		clapon	aș
claviraș	1	1		clavir	aș
clăcaș	A	0		clacă	aș
cleștișor	1	1		clește	ișor
cleștișor		1		clește	ișor
clocoțel	1	1	planta?	clocot	el
clondiraș	1	1		clondir	aș
clopotniță		0		clopot	iță
clopoțel	1	1		clopot	el
cobiliță		1		cobilă	iță
cobzișoară		1		cobză	ișoară
cocoșel	1	1		cocoș	el
codaș	A	0		coadă	aș
codănel	1	1		codan	el
codruleț		1		codru	uleț
cofăiaș	1	1		cofei	aș
cofăiel	1	1		cofei	el
cojocel	1	1		cojoc	el
colăcel	1	1		colac	el
colhoznic		0		colhoz	ic
colibaș	A	0		colibă	aș
colivioară		1		colivă	ioară
colnicel	1	1		colnic	el
colniță		1		colnă	iță
coltucel	1	1		coltuc	el
colțișor	1	1		colț	ișor
colțișor		1		colț	ișor
colțuleț		1		colț	uleț
colțunaș	1	1		colțun	aș
comedioară		1		comedie	ioară
comișel	1	1		comis	el
completaș	A	0	soldat	a completa	aș
complotaș	A	0		complot	aș
condeiaș	1	1		condei	aș
conduraș	1	1		condur	aș
contășel	1	1		contăș	el
contișor	1	1		cont	ișor
contișor		1		cont	ișor
contrapiuliță		0		centraj	uliță
copăcel	1	1		copac	el
copilaș	1	1		copil	aș
copiliță		1		copilă	iță
copoiaș	1	1		copoi	aș
corbișor	1	1		corb	ișor
corbișor		1		corb	ișor
corbuleț		1		corb	uleț
corbușor		1		corb	ușor
corcodel	1	1	pasăre (onomat.) NOT IN DOOM3	corcod	el
cordonaș	1	1		cordon	aș
coridoraș	1	1		coridor	aș
cornățel	1	1	planta	corn	ățel
cornișor	1	1		corn	ișor
cornișor		1		corn	ișor
cornuleț		1		corn	uleț
cortel	1	1	înv., reg.	cort	el
cortelaș	A	0	cortel din magh	cortel	aș
cortuleț		1		cort	uleț
cosaș	A	0		a cosi	aș
cosăcel	1	1		cosac	el
cosițel	1	1	plantă	cosiță	el
cosmonautică		0		cosmonaut	ică
coșuleț		1		coș	uleț
cotișor	1	1		cot	ișor
cotlonaș	1	1		cotlon	aș
covățică		1		covată	ică
covoraș	1	1		covor	aș
covrigel	1	1		covrig	el
crăișor	1	1		crai	ișor
crăpăturică		1		crăpătură	ică
crăticioară		1		cratiță	ioară
crâmpeiaș	1	1		crâmpei	aș
crânguleț		1		crâng	uleț
crângușor		1		crâng	ușor
crâșmăriță	Fem	0		crâșmar	iță
crâșmuliță		1		crâșmă	uliță
crâșmușoară		1		crâșmă	ușoară
creionaș	1	1		creion	aș
crenguliță		1		creangă	uliță
crețișor	1	1	planta	creț	ișor
crețișor		1		creț	ișor
criminalistică		0		criminalist	ică
cromatică		0		cromat	ică
cruciță		1		cruce	iță
cruciuliță		1		cruce	uliță
cuconaș	1	1		cucon	aș
cuconet		0		cucon	et
cuconiță		1		cucoană	iță
cufăraș	1	1		cufăr	aș
cuibuleț		1		cuib	uleț
cuibușor		1		cuib	ușor
cuișor	1	1		cui	ișor
cuișor		1		cui	ișor
culpaș	A	0		culpă	aș
cumetrel	1	1		cumătru	el
cumetriță		1		cumătră	iță
cumnățel	1	1		cumnat	el
cumnățică		1		cumnată	ică
cununiță		1		cunună	iță
cuptoraș	1	1		cuptor	aș
curcănaș	1	1		curcan	aș
curticică		1		curte	icică
cuscrișor	1	1		cuscru	ișor
cuscrișor		1		cuscru	ișor
cusurgioaică	Fem	0		cusurgiu	ică
cutioară		1		cutie	ioară
cuțitaș	1	1		cuțit	aș
cuvințel	1	1		cuvânt	el
cvadruplet		0		cvadrupli	et
cvartet		0		cvartă	et
cvintet		0		cvintă	et
dalmatică		0		dalmat	ică
dăltiță		1		daltă	iță
dăscălaș	1	1		dascăl	aș
dăscăliță	Fem	0		dascăl	iță
dăunaș	A	0		daună	aș
dâmbuleț		1		dâmb	uleț
dâmbușor		1		dâmb	ușor
dârlogel	1	1		dârlog	el
decrețel	1	1	sens!	decret	el
dedițel	1	1		dediță	el
degetăruț		1		degetar	uț
degețel	1	1		deget	el
delușor		1		deal	ușor
dentistică		0		dentist	ică
desăgel	1	1		desagă	el
diabetic		0		diabet	ic
diaconic		0		diacon	ic
diaforetic		0		diaforeză	ic
dialectică		0		dialect	ică
diatonică		0		diaton	ică
diavoliță	Fem	0		diavol	iță
dicționăraș	1	1		dicționar	aș
diecel	1	1		diac	el
difteric		0		difterie	ic
dijmaș	A	0		dijmă	aș
dinamică		0		dinamic	ică
dințișor	1	1		dinte	ișor
dințișor		1		dinte	ișor
dioptrică		0		dioptru	ică
diplomatică		0		diplomat	ică
directoraș	1	1		director	aș
dizenteric		0		dizenterie	ic
docăraș	1	1		docar	aș
doctoraș	1	1		doctor	aș
doctoriță	Fem	0		doctor	iță
dogmatic		0		dogmă	ic
doinaș	A	0		doină	aș
doinișoară		1		doină	ișoară
domnișoară		1		doamnă	ișoară
domnișor	1	1		domn	ișor
domnișor		1		domn	ișor
domnișorică		0		domnișor	ică
domniță		1		doamnă	iță
doruleț		1		dor	uleț
dovlecel	1	1		dovleac	el
drăculeț		1		drac	uleț
drăcușor		1		drac	ușor
drobușor		1		drob	ușor
druguleț		1		drug	uleț
drumaș	A	0		drum	aș
drumuleț		1		drum	uleț
drumușor		1		drum	ușor
dulăpaș	1	1		dulap	aș
dulăpior		1		dulap	ior
dulcișor	1	1		dulce	ișor
dulcișor		1		dulce	ișor
dulgheriță	Fem	0		dulgher	iță
dumbravnic		0		dumbravă	ic
dumbrăvioară		1		dumbravă	ioară
dunguliță		1		dungă	uliță
ebenistică		0		ebenist	ică
echilibristică		0		echilibrist	ică
elastic		0		elasticitate	ic
electroacustică		0		electronist	ică
electrocaustică		0		electrocar	ică
electrodinamică		0		electrodinam	ică
electronică		0		electron	ică
electrooptică		0		electrolit	ică
elinică		0		elină	ică
emetic		0		emeză	ic
encaustică		0		encaustic	ică
englezoaică	Fem	0		englez	ică
enoriaș	A	0		enorie	aș
epică		0		epic	ică
eseistică		0		eseist	ică
estetică		0		estet	ică
etnolingvistică		0		entolingvsit	ică
factoriță	Fem	0		factor	iță
farfurioară		1		farfurie	ioară
fasolică		1		fasole	ică
făgețel	1	1		făget	el
făptaș	A	0		faptă	aș
fărâmiță		1		fărâmă	iță
fânișor	1	1		fân	ișor
fântânel	1	1	păstrăv	fântână	el
fântânioară		1		fântână	ioară
fântâniță		1		fântână	iță
fâșioară		1		fâșie	ioară
fecioraș	1	1		fecior	aș
felceriță	Fem	0		felcer	iță
felioară		1		felie	ioară
femeiușcă		1		femeie	ușcă
ferăstraș	1	1		ferăstrău	aș
ferestrică		1		fereastră	ică
ferestruică		1		fereastră	uică
ficățel	1	1		ficat	el
fierăstrăiaș	1	1		fierăstrău	aș
fierturică		1		fiertură	ică
filmuleț		1		film	uleț
firicel	1	1		fir	icel
firișor	1	1		fir	ișor
firmuliță		1		firmă	uliță
flaconaș	1	1		flacon	aș
flăcăiaș	1	1		flăcău	aș
fleculeț		1		fleac	uleț
flintuliță		1		flint	uliță
flocoșel	1	1	ciupercă (adj)	flocos	el
flocușor		1		floc	ușor
florișoară		1		floare	ișoară
fluieraș	1	1		fluier	aș
flușturatic		0		fluturat	ic
fluturaș	1	1		flutur	aș
fluturatic		0		fluturat	ic
fluturel	1	1		fluture	el
foamete		0		foame	ete
foculeț		1		foc	uleț
focușor		1		foc	ușor
folcloristică		0		folclorist	ică
fonemică		0		fonem	ică
franțuzoaică	Fem	0		franțuz	ică
frăgușoară		1		fragă	ușoară
frăsinel	1	1		frasin	el
frățior		1		frate	ior
frânghioară		1		frânghie	ioară
frigăruică		1		frigare	uică
friguleț		1		frig	uleț
fripturică		1		friptură	ică
frizeriță	Fem	0		frizer	iță
fruntaș	A	0		frunte	aș
frunzet		0		frunză	et
frunzică		1		frunză	ică
frunzișoară		1		frunză	ișoară
frunziță		1		frunză	iță
frunzulică		1		frunză	ulică
frunzuliță		1		frunză	uliță
ftizic		0		ftizie	ic
fuioraș	1	1		fuior	aș
fulguleț		1		fulg	uleț
funcționăraș	1	1		funcționar	aș
fundaș	A	0		fund	aș
furculiță		1		furcă	uliță
fustișoară		1		fustă	ișoară
fustiță		1		fustă	iță
fuștaș	A	0		fuște	aș
fușteică		1		fuște	ică
garofiță		1		garoafă	iță
gazetăraș	1	1		gazetar	aș
gazetăriță	Fem	0		gazetar	iță
găinăriță	Fem	0		găinar	iță
gălbenaș	1	1		galben	aș
gămălioară		1		gămălie	ioară
gărduleț		1		gard	uleț
gărdurel	1	1	gard + ur + el	gard	urel
gărgăriță		0		gargară	iță
găvănoșel	1	1		gavanos	el
gândăcel	1	1		gândac	el
gârlișoară		1		gârlă	ișoară
gâscariță	Fem	0		gâscar	iță
gâscăriță	Fem	0		gâscar	iță
gâsculiță		1		gâscă	uliță
gâtișor	1	1		gât	ișor
gâzuliță		1		gâză	uliță
geamăntănaș	1	1		geamantan	aș
gemănariță		0		gemănare	iță
gentuliță		1		geantă	uliță
geodezică		0		geodez	ică
geotectonică		0		tehnic	ică
geotehnică		0		tehnic	ică
gerișor	1	1		ger	ișor
germanistică		0		germanist	ică
ghemuleț		1		ghem	uleț
ghemușor		1		ghem	ușor
ghețișoară		1		gheață	ișoară
ghețușcă		1		gheață	ușcă
ghiborțaș	1	1	pește	ghiborț	aș
ghintuleț		1		ghint	uleț
ghiobuleț		1		ghiob	uleț
ghiocel	1	1		ghioc	el
ghiozdănaș	1	1		ghiozdan	aș
ghiozdănel	1	1		ghiozdan	el
gimnastică		0		gimnast	ică
ginerică		1		ginere	ică
giumbușluc		0		giumbuș	uc
gleznișoară		1		gleznă	ișoară
globușor		1		glob	ușor
glotaș	A	0		gloată	aș
gnomonică		0		gnomon	ică
gogoșică		1		gogoașă	ică
golănel	1	1		golan	el
gonaș	A	0		goană	aș
gospodărioară		1		gospodărie	ioară
grădiniță		1		grădină	iță
grăuncior		1		grăunte	ior
grecușor		1		grec	ușor
greieraș	1	1		greier	aș
greierel	1	1		greier	el
greieruș		1		greier	uș
gropușoară		1		groapă	ușoară
grupuleț		1		grup	uleț
grupușor		1		grup	ușor
guleraș	1	1		guler	aș
gustărică		1		gustare	ică
haiducel	1	1		haiduc	el
hăinișoară		1		haină	ișoară
hăitaș	1	1		haită	aș
hărtănaș	1	1		hartan	aș
hărțaș	A	0		harță	aș
hățaș	A	0		hăț	aș
hârdăiaș	1	1		hârdău	aș
hârtioară		1		hârtie	ioară
helvet		0		elveția	et
hemiplegic		0		hemiplegie	ic
hemodiagnostic		0		diagnostica	ic
hemostatic		0		hemostază	ic
heraldică		0		herald	ică
hermeneutică		0		hermeneut	ică
hidraulică		0		hidră	ulică
hidrodinamică		0		hidrofinare	ică
hidroftalmic		0		hidroftalmie	ic
hidroponică		0		hidrofon	ică
hidrostatică		0		higrostat	ică
holeric		0		holeră	ic
holteiaș	1	1		holtei	aș
horboțică		0		horbotă	ică
hudicioară		1		hudiță	ioară
hulubaș	1	1		hulub	aș
hulubel	1	1		hulub	el
ibovnicel	1	1		ibovnic	el
ibricel	1	1		ibric	el
icrișoară		1		icră	ișoară
icteric		0		icter	ic
idolaș	1	1		idol	aș
iepuraș	1	1		iepure	aș
ierbușoară		1		iarbă	ușoară
iernatic		0		iernat	ic
ietăcel	1	1		iatac	el
iezișor	1	1		ied	ișor
ilicel	1	1		ilic	el
indianistică		0		indianist	ică
industriaș	A	0		industrie	aș
informatică		0		informare	ică
infrasunet		0		sunet	et
ingineraș	1	1		inginer	aș
inimioară		1		inimă	ioară
inișor	1	1		in	ișor
interpret		0		interpreta	et
isprăvnicel	1	1		ispravnic	el
isprăvnicel		1		ispravnic	icel
istorioară		1		istorie	ioară
ișlicel	1	1		ișlic	el
italienistică		0		italienist	ică
iubițel	1	1		iubit	el
iubițică		1		iubită	ică
izodinamică		0		izodinamie	ică
izomagnetică		0		magnetic	ică
izvoraș	1	1		izvor	aș
înaintaș	A	0		înainte	aș
îngeraș	1	1		înger	aș
îngerel	1	1		înger	el
însemnărică		1		însemnare	ică
însurățel	1	1		însurat	el
învățăcel	1	1		învățat	el
învârtecuș		0		învârteală	uș
jachețică		1		jachetă	ică
jandarmeriță	Fem	0		jandarm	iță
jăcaș	A	0		jac	aș
jghebuleț		1		jgheab	uleț
joculeț		1		joc	uleț
jordiță		1		joardă	iță
jucărioară		1		jucărie	ioară
judecătoraș	1	1		judecător	aș
jugănaș	1	1		jugan	aș
jugănel	1	1		jugan	el
juncănaș	1	1		juncan	aș
juncușor		1		junc	ușor
junel	1	1		june	el
junelaș	1	1		junel	aș
jupaniță	Fem	0		jupan	iță
jupâneșică		1		jupâneasă	ică
jurnalistică		0		jurnalist	ică
lăcățel	1	1		lacăt	el
lăcrămioară		1		lacrimă	ioară
lăcrimioară		1		lacrimă	ioară
lăcrimiță		1		lacrimă	iță
lădișoară		1		ladă	ișoară
lăibăraș	1	1		laibăr	aș
lăibăruț		1		laibăr	uț
lămpaș	A	0		lampă	aș
lămpișoară		1		lampă	ișoară
lămpiță		1		lampă	iță
lănțișor	1	1		lanț	ișor
lăptișor	1	1		lapte	ișor
lăstăraș	1	1		lăstar	aș
lăstărel	1	1		lăstar	el
lăstunaș	1	1		lăstun	aș
lăturaș	A	0		latură	aș
lățișor	1	1		laț	ișor
lefușoară		1		leafă	ușoară
legănaș	1	1		leagăn	aș
legănel	1	1		leagăn	el
legănuț		1		leagăn	uț
legăturică		1		legătură	ică
legistică		0		legist	ică
leiculiță		1		leică	uliță
leicușoară		1		leică	ușoară
lelișoară		1		lele	ișoară
lemnișor	1	1		lemn	ișor
lemnișor		1		lemn	ișor
leuaș	A	0	perceptor impozite	leu	aș
lighenaș	1	1		lighean	aș
limbariță		0		limbare	iță
lingurăriță	Fem	0		lingurar	iță
lingurică		1		lingură	ică
linguriță		1		lingură	iță
lingvistică		0		lingvist	ică
litiazic		0		litiază	ic
logodnic		0		logodnă	ic
logodnică		0		logodnă	ică
logofețel	1	1		logofăt	el
lombosciatică		0		sciatic	ică
lopățică		1		lopată	ică
lucrușor		1		lucru	ușor
lumânărică		1		lumânare	ică
luminiță		1		lumină	iță
lunculiță		1		luncă	uliță
luntraș	A	0		luntre	aș
luntrășiță	Fem	0		luntraș	iță
luntricică		1		luntre	icică
luntrișoară		1		luntre	ișoară
luntriță		1		luntre	iță
lupoaică	Fem	0		lup	ică
luptaș	A	0		luptă	aș
lutișor	1	1		lut	ișor
macaragiță	Fem	0		macaragiu	iță
magazinaș	1	1		magazin	aș
mahalagioaică		0		mahalagiu	ică
maimuțică		1		maimuță	ică
malaric		0		malar	ic
mangafache		1		mangafa	ache
mardeiaș	A	0		a mardi	aș
martinaș	1	1		martin	aș
matronimic		0		matronim	ic
mazilaș	1	1		mazil	aș
măduvioară		1		măduvă	ioară
măgăriță	Fem	0		măgar	iță
măgurică		1		măgură	ică
măiculiță		1		maică	uliță
măicușoară		1		maică	ușoară
mălăiaș	1	1		mălai	aș
mămițică		1		mămiță	ică
mămulică		1		mamă	ulică
mămuliță		1		mamă	uliță
mămușoară		1		mamă	ușoară
mănunchiaș	1	1		mănunchi	aș
mănunchiuleț		1		mănunchi	uleț
mărăcinaș	1	1		mărăcine	aș
mărăcinet		0		mărăcine	et
mărămioară		1		maramă	ioară
mărăraș	1	1		mărar	aș
mărfușoară		1		marfă	ușoară
mărgărităraș	1	1		mărgăritar	aș
mărgăritărel	1	1		mărgăritar	el
mărginaș	A	0		margine	aș
mărțișor	1	1		marț	ișor
mărțișor		1		marț	ișor
mătăsică		1		mătase	ică
măturică		1		mătură	ică
mătușică		1		mătușă	ică
mățișor	1	1		maț	ișor
mânaș	A	0		a mâna	aș
mâncărică		1		mâncare	ică
mândrișoară		1		mândru	ișoară
mândrișor	1	1		mândru	ișor
mândrișor		1		mândru	ișor
mândrulică		1		mândru	ulică
mândruliță		1		mândru	uliță
mândruț		1		mândru	uț
mânzișor	1	1		mânz	ișor
mânzișor		1		mânz	ișor
mânzuleț		1		mânz	uleț
mâțișor	1	1		mâț	ișor
mecanotehnică		0		mecanotehnic	ică
medalistică		0		medalist	ică
medievistică		0		medievist	ică
meișor	1	1		mei	ișor
melcișor	1	1		melc	ișor
melcișor		1		melc	ișor
melenaș	1	1		melean	aș
melițuică		1		meliță	uică
memorialistică		0		memorialist	ică
merișor	1	1		măr	ișor
mertic		0		metru	ic
mesapică		0		mesap	ică
meseriaș	A	0		meserie	aș
mesișoară		1		masă	ișoară
mestecănaș	1	1		mesteacăn	aș
meșteraș	1	1		meșter	aș
meșteriță	Fem	0		meșter	iță
metamatematică		0		matematic	ică
meteorică		0		meteor	ică
meteoritică		0		meteorit	ică
metodică		0		metodă	ică
mielușel	1	1		mieluș	el
mielușică		1		mieluș	ică
mielușor		1		miel	ușor
mierlică		1		mierlă	ică
mierliță		1		mierlă	iță
mierlușcă		1		mierlă	ușcă
miișoară		1		mie	ișoară
mijlocaș	A	0		mijloc	aș
mijlocel	1	1		mijloc	el
minciunică		1		minciună	ică
mineriță	Fem	0		miner	iță
miniaturistică		0		miniaturist	ică
mioriță		1		mioară	iță
mititel	1	1	din adj. Dim.	mic	itel
mlăștiniță		1		mlaștină	iță
mnemotehnică		0		mnemotehnie	ică
mocănaș	1	1		mocan	aș
mocăniță	Fem	0		mocan	iță
moftangioaică	Fem	0		moftangiu	ică
morăraș	1	1		morar	aș
morărel	1	1		morar	el
morcovel	1	1		morcov	el
morunaș	1	1		morun	aș
mosoraș	1	1		mosor	aș
mosorel	1	1		mosor	el
moșieriță	Fem	0		moșier	iță
moșioară		1		moș	ioară
moșnegel	1	1		moșneag	el
moșneguț		1		moșneag	uț
moșuleț		1		moș	uleț
moșulică		1		moș	ulică
motănaș	1	1		motan	aș
motănel	1	1		motan	el
motocel	1	1		motoc	el
motoraș	1	1		motor	aș
moviliță		1		movilă	iță
muget		0		mugi	et
muguraș	1	1		mugur	aș
mugurel	1	1		mugur	el
muieret		0		muiere	et
muierușă		1		muiere	ușă
muierușcă		1		muiere	ușcă
multiplet		0		multiplu	et
munculiță		1		muncă	uliță
muncușoară		1		muncă	ușoară
mundiraș	1	1		mundir	aș
munticel	1	1	munte + icel	munte	icel
munticel		1		munte	icel
muntișor	1	1		munte	ișor
muntișor		1		munte	ișor
murguleț		1		murg	uleț
murgușor		1		murg	ușor
murișoară		1		mură	ișoară
musculiță		1		muscă	uliță
mustăcioară		1		mustață	ioară
mușchiuleț		1		mușchi	uleț
mușețel	1	1	plantă, adj	mușat	el
mutrișoară		1		mutră	ișoară
mutulică		1		mut	ulică
nădrăgel	1	1		nădrag	el
năfrămioară		1		năframă	ioară
năfrămiță		1		năframă	iță
nănaș	1	1		nun	aș
năprasnic		0		năprasnă	ic
năprasnică		0		năprasnă	ică
năsturaș	1	1		nasture	aș
năsturel	1	1		nasture	el
nășel	1	1		naș	el
nefritic		0		nefrit	ic
negel	1	1		neg	el
negrișor	1	1		negru	ișor
negrișor		1		negru	ișor
negrușcă		1		negru	ușcă
negustoraș	1	1		negustor	aș
negustoriță	Fem	0		negustor	iță
neiculiță		1		neică	uliță
neicușor		1		neică	ușor
nemțișor	1	1		neamț	ișor
nenișor	1	1		nene	ișor
nenoroc		0		noroc	oc
neoromantic		0		necromant	ic
nepoțel	1	1		nepot	el
nepoțică		1		nepoată	ică
netrebnic		0		treabă	ic
neurastenic		0		neurastenie	ic
neurocibernetică		0		cibernetic	ică
neuroplegic		0		neuroplegie	ic
nevăstuică		1		nevastă	uică
nevestică		1		nevastă	ică
nevoiaș	A	0		nevoie	aș
nevolnic		0		nevoie	ic
nopticică		1		noapte	icică
noptiță		1		noapte	iță
norișor	1	1		nor	ișor
norișor		1		nor	ișor
norocel	1	1		noroc	el
noruleț		1		nor	uleț
nostalgic		0		nostalgie	ic
nouraș	1	1		nour	aș
nourel	1	1		nour	el
nucleonică		0		nucleon	ică
numismatică		0		numismat	ică
nuntaș	A	0		nuntă	aș
nuvelică		1		nuvelă	ică
nuvelistică		0		nuvelist	ică
oblonaș	1	1		oblon	aș
obrăjel	1	1		obraz	el
ochișor	1	1		ochi	ișor
ochișor		1		ochi	ișor
ochiuleț		1		ochi	uleț
ocnaș	A	0		ocnă	aș
ocolaș	1	1		ocol	aș
octet		0		opt	et
ocultistică		0		ocultist	ică
odăiaș	A	0		odaie	aș
odoraș	1	1		odor	aș
ofițeraș	1	1		ofițer	aș
ogoraș	1	1		ogor	aș
ogrădaș	A	0		ogradă	aș
oiță		1		oaie	iță
onomastică		0		onomastic	ică
orășel	1	1		oraș	el
orândaș	A	0		orândă	aș
orientalistică		0		orientalist	ică
ornamentică		0		ornament	ică
oronimic		0		oronim	ic
orzișor	1	1		orz	ișor
osișor	1	1		os	ișor
ospătăriță		1		ospătar	iță
ostaș	A	0		oaste	aș
ostrovel	1	1		ostrov	el
ostrovuț		1		ostrov	uț
oușor		1		ou	ușor
pachețel	1	1		pachet	el
palavragioaică		0		palavragiu	ică
paltonaș	1	1		palton	aș
paneraș	1	1		paner	aș
pantalonaș	1	1		pantalon	aș
pantofior		1		pantof	ior
papagaliță	Fem	0		papagal	iță
papucaș	1	1		papuc	aș
papucel	1	1		papuc	el
paraplegic		0		paraplegie	ic
parasimpatic		0		simpatic	ic
pardesiaș	1	1		pardesiu	aș
patronimic		0		patronim	ic
păcurăraș	1	1		păcurar	aș
păcurărel	1	1		păcurar	el
păcurăriță	Fem	0		păcurar	iță
păgubaș	A	0		pagubă	aș
păhăraș	1	1		pahar	aș
păhărel	1	1		pahar	el
păhărnicel	1	1		paharnic	el
păhărnicel		1		paharnic	el
păienjenel	1	1		păianjen	el
păișor	1	1		pai	ișor
pălmaș	A	0		palmă	aș
păloșel	1	1		paloș	el
păltinaș	1	1		paltin	aș
păltinel	1	1		paltin	el
pămânțel	1	1		pământ	el
păpurică		1		papură	ică
păpușică		1		păpușă	ică
păraș	A	0	pescar cu parul	par	aș
părințel	1	1		părinte	el
părtaș	A	0		parte	aș
păsărică		1		pasăre	ică
păsăruică		1		pasăre	uică
păstoraș	1	1		păstor	aș
păstorel	1	1		păstor	el
păstoriță	Fem	0		păstor	iță
păstrăvior		1		păstrăv	ior
pătișor	1	1		pat	ișor
pătrățel	1	1		pătrat	el
pătrișor	1	1		patru	ișor
păturică		1		pătură	ică
păunaș	1	1		păun	aș
păunel	1	1		păun	el
păuniță	Fem	0		păun	iță
pâinică		1		pâine	ică
pâinișoară		1		pâine	ișoară
pâiniță		1		pâine	iță
pâlculeț		1		pâlc	uleț
pâlcușor		1		pâlc	ușor
pândaș	A	0		pândă	aș
pântecel	1	1		pântec	el
pântecuț		1		pântec	uț
pânzișoară		1		pânză	ișoară
pânzuliță		1		pânză	uliță
pârâiaș	1	1		pârâu	aș
pârtioară		1		pârtie	ioară
pedestraș	A	0		pedestru	aș
peisagistică		0		peisagist	ică
pelinariță	Fem	0		pelin	iță
pelinaș	1	1		pelin	aș
pepenaș	1	1		pepene	aș
pepenoaică	Fem	0		pepene	ică
perechiușă		1		pereche	ușă
perișoară		1		pară	ișoară
perișor	1	1		păr	ișor
pernișoară		1		pernă	ișoară
perniță		1		pernă	iță
pescăraș	1	1		pescar	aș
pescărel	1	1		pescar	el
pescăriță	Fem	0		pescar	iță
pesmecior		1		pesmet	ior
peștișor	1	1		pește	ișor
peștișor		1		pește	ișor
peticel	1	1		petic	el
peticuț		1		petic	uț
picăturică		1		picătură	ică
picioruș		1		picior	uș
picioruț		1		picior	uț
pictoriță	Fem	0		pictor	iță
piculeț		1		pic	uleț
picușor		1		pic	ușor
pielicică		1		piele	icică
pielișoară		1		piele	ișoară
pieptănariță		0		pieptănare	iță
pieptănaș	1	1		pieptăn	aș
pieptănel	1	1		pieptăn	el
pieptănuș		1		pieptăn	uș
pieptăraș	1	1		pieptar	aș
pieptărel	1	1		pieptar	el
pieptăruț		1		pieptar	uț
piesuliță		1		piesă	uliță
pietricică		1		piatră	icică
pietroșel	1	1	pește	pietros	el
pihotaș	A	0		pihotă	aș
pintenaș	1	1		pinten	aș
pipiriguț		1		pipirig	uț
pirotehnică		0		pirotehnie	ică
pisculeț		1		pisc	uleț
piscușor		1		pisc	ușor
pisicuț		1		pisic	uț
pisoiaș	1	1		pisoi	aș
pistolaș	1	1		pistol	aș
pistolet		0		pistol	et
pitărel	1	1		pitar	el
pivnicioară		1		pivniță	ioară
pizmaș	A	0		pizmă	aș
plastic		0		plastă	ic
plastică		0		plastă	ică
plăcintioară		1		plăcintă	ioară
plăcințică		1		plăcintă	ică
plăișor	1	1		plai	ișor
plăpumioară		1		plapumă	ioară
plăpumiță		1		plapumă	iță
plânset		0		plâns	et
pleșcaș	A	0		pleașcă	aș
pleuritic		0		pleurită	ic
pliculeț		1		plic	uleț
plimbărică		1		plimbare	ică
pliscușor		1		plisc	ușor
ploconaș	1	1		plocon	aș
plopușor		1		plop	ușor
ploscaș	A	0		ploscă	aș
pluguleț		1		plug	uleț
plugușor		1		plug	ușor
plumbișor	1	1		plumb	ișor
plumbișor		1		plumb	ișor
plutaș	A	0		plută	aș
pocheraș	1	1		pocher	aș
podișor	1	1		pod	ișor
poduleț		1		pod	uleț
podurel	1	1	pod + ur + el	pod	urel
poetaș	1	1		poet	aș
poetică		0		poet	ică
pogonaș	1	1		pogon	aș
polobocel	1	1		poloboc	el
pologaș	A	0		polog	aș
pomanagioaică		0		pomanagiu	ică
pomișor	1	1		pom	ișor
pomișor		1		pom	ișor
pontaș	A	0		a ponta	aș
porcoiaș	1	1		porcoi	aș
porculeț		1		porc	uleț
portărel	1	1		portar	el
portretistică		0		portretist	ică
porumbaș	1	1		porumb	aș
porumbel	1	1		porumb	el
postăvior		1		postav	ior
postelnicel	1	1		postelnic	el
posterior		0		poster	ior
poștaș	A	0		poștă	aș
poștăriță	Fem	0		poștar	iță
potcaș	A	0		potcă	aș
poteraș	A	0		poteră	aș
potiraș	1	1		potir	aș
povestaș	A	0		poveste	aș
povestioară		1		poveste	ioară
pravoslavnic		0		pravoslavie	ic
prăfuleț		1		praf	uleț
prăjiturică		1		prăjitură	ică
prăștiaș	A	0		praștie	aș
prăvăliaș	A	0		prăvălie	aș
prăvălioară		1		prăvălie	ioară
prânzișor	1	1		prânz	ișor
prânzișor		1		prânz	ișor
prânzuleț		1		prânz	uleț
priboiaș	1	1		priboi	aș
pricinaș	A	0		pricină	aș
primăriță	Fem	0		primar	iță
primăvăriță		1		primăvară	iță
prințișor	1	1		prinț	ișor
prințișor		1		prinț	ișor
prisăcăriță	Fem	0		prisăcar	iță
prispișoară		1		prispă	ișoară
prispuliță		1		prispă	uliță
prispușoară		1		prispă	ușoară
pristolnic		0		pristol	ic
problematică		0		problemist	ică
profesoraș	1	1		profesor	aș
prosopel	1	1		prosop	el
prostatic		0		prostată	ic
provincioară		1		provincie	ioară
prunculeț		1		prunc	uleț
pruncușor		1		prunc	ușor
pruncuț		1		prunc	uț
prundaș	A	0	pasăre	prund	aș
prundăraș	A	0	pasăre	prund	ăraș
prundișor	1	1		prund	ișor
prundișor		1		prund	ișor
prunduiaș	1	1		prund	aș
prunduleț		1		prund	uleț
prundurel	1	1	prund + ur + el	prund	urel
prunduț		1		prund	uț
prunișoară		1		prună	ișoară
prunișor	1	1		prun	ișor
prunișor		1		prun	ișor
psihastenic		0		psihastenie	ic
publicistică		0		publicist	ică
puchițel	1	1		puchi	ițel
pugilistică		0		pugilist	ică
puiculiță		1		puică	uliță
puișor	1	1		pui	ișor
pulpișoară		1		pulpă	ișoară
pulpiță		1		pulpă	iță
pumnaș	A	0		pumn	aș
pumnicel	1	1	pumn + icel	pumn	icel
pumnicel		1		pumn	icel
pumnișor	1	1		pumn	ișor
pumnișor		1		pumn	ișor
punctișor	1	1		punct	ișor
punctișor		1		punct	ișor
punctuleț		1		punct	uleț
pungaș	A	0		pungă	aș
pungășoaică		0		pungășie	ică
punguliță		1		pungă	uliță
punticică		1		punte	icică
puntișoară		1		punte	ișoară
purcelaș	1	1		purcel	aș
purceluș		1		purcel	uș
purcelușă		1		purcel	ușă
purcoiaș	1	1		porcoi	aș
puricaș	1	1		purice	aș
puricel	1	1		purice	el
pușcaș	A	0		pușcă	aș
pușcăriaș	A	0		pușcărie	aș
pușculiță		1		pușcă	uliță
puștiulică		1		puști	ulică
putinică		1		putină	ică
putorișcă		1		putoare	ișcă
rachiaș	1	1		rachiu	aș
radiodiagnostic		0		diagnostic	ic
răcănel	1	1		răcan	el
răchițică		1		răchită	ică
răftuleț		1		raft	uleț
rămășiță		0		rămas	iță
răsuflet		0		răsuflu	et
rățișoară		1		rață	ișoară
rățoiaș	1	1		rățoi	aș
răvășel	1	1		răvaș	el
războinic		0		războire	ic
răzeșiță	Fem	0		răzeș	iță
rândaș	A	0		a rândui	aș
rânduleț		1		rând	uleț
rândunel	1	1	rândunea -ea +el	rândunea	el
reporteraș	1	1		reporter	aș
reporteriță	Fem	0		reporter	iță
retorică		0		retor	ică
retușor		0		retuș	ușor
ridichioară		1		ridiche	ioară
robotică		0		robot	ică
rockeriță	Fem	0		rocker	iță
roibuleț		1		roib	uleț
romanistică		0		romanist	ică
romantic		0		romanță	ic
românaș	1	1		român	aș
românistică		0		românist	ică
rotaș	A	0		roată	aș
rufușoară		1		rufă	ușoară
runculeț		1		runc	uleț
ruptaș	A	0		rupt	aș
rutișor	1	1	plantă	rută	ișor
salonaș	1	1		salon	aș
satiric		0		satir	ic
săgetaș	A	0	arcaș	săgeată	aș
săgețică		1		săgeată	ică
sălășel	1	1		sălaș	el
sălbuliță		1		salbă	uliță
sălcioară		1		salcie	ioară
săniuș		0		sanie	uș
săpunel	1	1		săpun	el
săpușoară		1		sapă	ușoară
săricică		1		sare	icică
săticel	1	1		sat	icel
săticel		1		sat	icel
sătișor	1	1		sat	ișor
sătișor		1		sat	ișor
sâmbraș	A	0		sâmbră	aș
sâmburel	1	1		sâmbure	el
sânișor	1	1		sân	ișor
sântuleț		1		sânt	uleț
sârmuliță		1		sârmă	uliță
sârmușoară		1		sârmă	ușoară
scandalagioaică		0		scandalagiu	ică
scăricică		1		scară	icică
scărișoară		1		scară	ișoară
scăunaș	1	1		scaun	aș
scăunel	1	1		scaun	el
scândurică		1		scândură	ică
scânduriță		1		scândură	iță
schimbaș	A	0	soldat	schimb	aș
schituleț		1		schit	uleț
schizofrenic		0		schizofrenie	ic
sclerotică		0		sclerot	ică
scolastică		0		scolast	ică
scorbutic		0		scorbut	ic
scorțăraș	1	1		scorțar	aș
scorțărel	1	1		scorțar	el
scorțișoară		1		scoarță	ișoară
scorțișor	1	1		scoarță	ișor
scriitoraș	1	1		scriitor	aș
scrisorică		1		scrisoare	ică
scrumbioară		1		scrumbie	ioară
scufiță		1		scufă	iță
sculișoară		1		sculă	ișoară
sculișor	1	1		scul	ișor
sculptoriță	Fem	0		sculptor	iță
semincioară		1		sămânță	ioară
serodiagnostic		0		diagnoză	ic
sertăraș	1	1		sertar	aș
sertărel	1	1		sertar	el
sfănțișor	1	1		sfanț	ișor
sfănțișor		1		sfanț	ișor
sfântuleț		1		sfânt	uleț
sfertișor	1	1		sfert	ișor
sfertișor		1		sfert	ișor
sfertuleț		1		sfert	uleț
sfeșnicel	1	1		sfeșnic	el
sfințișor	1	1		sfânt	ișor
sfințișor		1		sfânt	ișor
sforicică		1		sfoară	icică
sforișoară		1		sfoară	ișoară
sfredeluș		1		sfredel	uș
sibiaș	A	0	ață groasă	sibiu	aș
sicriaș	1	1		sicriu	aș
silogistică		0		silogism	ică
simbolică		0		simbol	ică
simbolistică		0		simbolist	ică
simbriaș	A	0		simbrie	aș
sinețel	1	1		sineț	el
sinonimică		0		sinonim	ică
sipețel	1	1		sipet	el
slavistică		0		slavist	ică
sluguliță		1		slugă	uliță
slujbaș	A	0		slujbă	aș
slujbuliță		1		slujbă	uliță
slujbușoară		1		slujbă	ușoară
smântânică		1		smântână	ică
smoculeț		1		smoc	uleț
smocușor		1		smoc	ușor
snopuleț		1		snop	uleț
snopușor		1		snop	ușor
sobușoară		1		sobă	ușoară
sociolingvistică		0		sociolingvist	ică
sofistică		0		sofist	ică
soldățel	1	1		soldat	el
solzișor	1	1		solz	ișor
solzișor		1		solz	ișor
somnișor	1	1		somn	ișor
somnișor		1		somn	ișor
somnuleț		1		somn	uleț
soțioară		1		soție	ioară
spanioloaică		0		spaniol	ică
spătărel	1	1		spătar	el
speakeriță	Fem	0		speaker	iță
spicheriță	Fem	0		spicher	iță
spiculeț		1		spic	uleț
spicușor		1		spic	ușor
spinărușă		1		spinare	ușă
spinișor	1	1		spin	ișor
spinișor		1		spin	ișor
stâlpișor	1	1		stâlp	ișor
stâlpișor		1		stâlp	ișor
stâlpuleț		1		stâlp	uleț
stâlpușor		1		stâlp	ușor
stânișoară		1		stână	ișoară
stânjenel	1	1		stânjen	el
stârculeț		1		stârc	uleț
steguleț		1		steag	uleț
stejăraș	1	1		stejar	aș
stejărel	1	1		stejar	el
sticlete		0		sticlă	ete
sticlețel	1	1		sticlete	el
sticlișoară		1		sticlă	ișoară
sticluliță		1		sticlă	uliță
stilistică		0		stilist	ică
stolișor	1	1		stol	ișor
stolișor		1		stol	ișor
stolnic		0		stolnă	ic
stolnicel	1	1		stolnic	el
stolnicel		1		stolnă	icel
stosișor	1	1		stos	ișor
stosișor		1		stos	ișor
străchioară		1		strachină	ioară
streptococ		0		sărăntoc	oc
strigoiaș	1	1	fluture	strigoi	aș
stropuleț		1		strop	uleț
stropușor		1		strop	ușor
struguraș	1	1		strugure	aș
strugurel	1	1		strugure	el
strungăriță	Fem	0		strungar	iță
struțișor	1	1		struț	ișor
struțișor		1		struț	ișor
sturzișor	1	1		sturz	ișor
sturzișor		1		sturz	ișor
sturzuleț		1		sturz	uleț
suflețel	1	1		suflet	el
sulițaș	A	0		suliță	aș
sulițică		1		suliță	ică
sumănel	1	1		suman	el
sumuliță		1		sumă	uliță
sumușoară		1		sumă	ușoară
sunducel	1	1		sunduc	el
surferiță	Fem	0		surfer	iță
surlaș	A	0		surlă	aș
surlișoară		1		surlă	ișoară
surtucaș	1	1		surtuc	aș
surtucel	1	1		surtuc	el
sutaș	A	0		sută	aș
sutișoară		1		sută	ișoară
șănțișor	1	1		șanț	ișor
șănțuleț		1		șanț	uleț
șănțurel	1	1	(rar)	șanț	urel
șerpaș	A	0	etnie	șerpa	aș
șerpăraș	1	1		șerpar	aș
șerpișor	1	1		șarpe	ișor
șerpoaică	Fem	0		șarpe	ică
șerpurel	1	1		șarpe	urel
șervețel	1	1		șervet	el
șipculiță		1		șipcă	uliță
șipoțel	1	1		șipot	el
șipurel	1	1		șip	urel
șirețel	1	1		șiret	el
șiștărel	1	1		șiștar	el
șleahtic		0		șleahtă	ic
șnurceramică		0		ceramic	ică
șnuruleț		1		șnur	uleț
șoferiță	Fem	0		șofer	iță
șofrănaș	1	1		șofran	aș
șofrănel	1	1		șofran	el
șoimișor	1	1		șoim	ișor
șoimișor		1		șoim	ișor
șoimuleț		1		șoim	uleț
șoimușor		1		șoim	ușor
șomoiogel	1	1		șomoiog	el
șopârliță		1		șopârlă	iță
șoricel	1	1		șoarece	el
șoricioaică	Fem	0		șoarece	ică
șoricuț		1		șoarece	uț
șorțuleț		1		șorț	uleț
ștergărel	1	1		ștergar	el
știubeiaș	1	1		știubei	aș
știuculiță		1		știucă	uliță
ștrengăriță		1		ștrengar	iță
șubuliță		1		șubă	uliță
șugărel	1	1	șugar (adj)	șugar	el
șurubel	1	1		șurub	el
șurubelniță		0		șurubel	iță
tabacioc		0		tabac	oc
taică		1		tată	ică
talgeraș	1	1		talger	aș
tartoriță	Fem	0		tartor	iță
tăbăraș	A	0	soldat	tăbăraș	aș
tăciunaș	1	1		tăciune	aș
tăiculiță		1		taică	uliță
tălgerel	1	1		talger	el
tălpiță		1		talpă	iță
tămâierniță		0		tămâier	iță
tărtănaș	1	1		tartan	aș
tășculiță		1		tașcă	uliță
tătăraș	1	1		tătar	aș
tătăroaică	Fem	0		tătar	ică
tătișor	1	1		tată	ișor
tăuraș	1	1		taur	aș
tâlhăroaică	Fem	0		tâlhar	ică
târguleț		1		târg	uleț
târgușor		1		târg	ușor
târlaș	A	0		târlă	aș
teișor	1	1		tei	ișor
temnicioară		1		temniță	ioară
terapeutică		0		terapeut	ică
terminotică		0		terminat	ică
termoacustică		0		termocarst	ică
tetraplegic		0		tetraplegie	ic
tigrișor	1	1		tigru	ișor
tigrișor		1		tigru	ișor
tinerel	1	1		tânăr	el
tobaș	A	0		tobă	aș
tocăniță		1		tocană	iță
tocmăgel	1	1		tocmagi	el
toiegel	1	1		toiag	el
tolbaș	A	0	negustor ambulant	toblă	aș
tomnatic		0		tomnat	ic
toponimic		0		toponim	ic
toporaș	1	1		topor	aș
toporel	1	1		topor	el
toporișcă		1		topor	ișcă
torțel	1	1		tort	el
tovălaș	1	1		toval	aș
tovărășică		1		tovarăș	ică
tovărășiță		1		tovarăș	iță
trandafiraș	1	1		trandafir	aș
trandafirel	1	1		trandafir	el
trandafiruț		1		trandafir	uț
trăistioară		1		traistă	ioară
trăpaș	A	0		trap	aș
trăsurică		1		trăsură	ică
trâmbicioară		1		trâmbiță	ioară
trâmbițaș	A	0		trâmbiță	aș
trântoriță	Fem	0		trântor	iță
trebușoară		1		treabă	ușoară
trifoiaș	1	1		trifoi	aș
trior		0		tria	ior
triplet		0		triplu	et
trișor		0		trișa	ișor
trompetaș	A	0		trompetă	aș
tronișor	1	1		tron	ișor
tronișor		1		tron	ișor
trunchiuleț		1		trunchi	uleț
trupușor		1		trup	ușor
tubușor		1		tub	ușor
tulburel	1	1	adj	turbure	el
tulnicaș	A	0		tulnic	aș
turculeț		1		turc	uleț
turnișor	1	1		turn	ișor
turnișor		1		turn	ișor
turnuleț		1		turn	uleț
turtișoară		1		turtă	ișoară
turturel	1	1	turturea NOT IN DOOM3	turturea	el
tutungioaică	Fem	0		tutungiu	ică
țăndărică		1		țandără	ică
țărcușor		1		țarc	ușor
țărișoară		1		țară	ișoară
țânțăraș	1	1		țânțar	aș
țâțișoară		1		țâță	ișoară
țevișoară		1		țeavă	ișoară
țigănaș	1	1		țigan	aș
țigăncușă		1		țigancă	ușă
țigănel	1	1		țigan	el
țimiraș	A	0	poștaș	țimir	aș
țintaș	A	0		țintă	aș
țintișoară		1		țintă	ișoară
ținutaș	A	0		ținutaș	aș
țuiculiță		1		țuică	uliță
ucenică	Fem	0		ucenic	ică
ucigaș	A	0	Ucig (prezent indicativ popular al lui ucide)	ucig	aș
udăturică		1		udătură	ică
uiemaș	A	0		uium	aș
ulcioraș	1	1		ulcior	aș
ulcioruș		1		ulcior	uș
ulișor	1	1		uliu	ișor
ultraviolet		0		ultraviolete	et
ultraviolete		0		ultraviolet	ete
umbrișoară		1		umbră	ișoară
umbriță		1		umbră	iță
umeraș	1	1		umăr	aș
unchiaș	1	1		unchi	aș
unchișor	1	1		unchi	ișor
unchișor		1		unchi	ișor
uncropel	1	1		uncrop	el
unghioară		1		unghie	ioară
unghișoară		1		unghie	ișoară
unguraș	1	1		ungur	aș
unguroaică	Fem	0		ungur	ică
untișor	1	1		unt	ișor
urbanistică		0		urbanist	ică
urcioraș	1	1		urcior	aș
urcioruș		1		urcior	uș
urcuș		0		urcuș	uș
urechelniță		0		urecheală	iță
urechiușă		1		ureche	ușă
uremic		0		uree	ic
urmaș	A	0		urma	aș
urmuliță		1		urmă	uliță
uscăturică		1		uscătură	ică
uslaș	A	0	USLA	usla	aș
vaporaș	1	1		vapor	aș
vatmaniță	Fem	0		vatman	iță
văcușoară		1		vacă	ușoară
văduvioară		1		văduvă	ioară
văduviță		1		văduv	iță
vălișoară		1		vale	ișoară
vălurel	1	1		val	urel
văratic		0		vărat	ic
vărguliță		1		vargă	uliță
vătășel	1	1		vătaf	el
vânticel	1	1		vânt	icel
vânticel		1		vânt	icel
vântișor	1	1		vânt	ișor
vântișor		1		vânt	ișor
vântuleț		1		vânt	uleț
vânturel	1	1		vânt	urel
vântușor		1		vânt	ușor
vârfuleț		1		vârf	uleț
vârfușor		1		vârf	ușor
vâslaș	1	1		vâslă	aș
vâslișoară		1		vâslă	ișoară
venetică		0		venet	ică
vergel	1	1		vergea	el
verigel	1	1		verigă	el
verișoară		1		vară	ișoară
verișor	1	1		văr	ișor
verișorică		1		văr	ică
versurel	1	1		vers	urel
verzișor	1	1		verde	ișor
vetrișoară		1		vatră	ișoară
viermișor	1	1		vierme	ișor
viermișor		1		vierme	ișor
viermuleț		1		vierme	uleț
viermuș		1		vierme	uș
viermușor		1		vierme	ușor
vilișoară		1		vilă	ișoară
vinderel	1	1		vindereu	el
vinișor	1	1		vin	ișor
vinuleț		1		vin	uleț
vistiernic		0		vistier	ic
vistiernicel	1	1		vistiernic	el
vistiernicel		1		vistier	icel
vișinel	1	1		vișin	el
vișinică		1		vișină	ică
vitișoară		1		vită	ișoară
vițeluș		1		vițel	uș
vițelușă		1		vițea	ușă
vloggeriță	Fem	0		vlogger	iță
voinicaș	1	1		voinic	aș
voinicel	1	1		voinic	el
voinicuț		1		voinic	uț
volănaș	1	1		volan	aș
volintiraș	1	1		volintir	aș
volocel	1	1		voloc	el
volumaș	1	1		volum	aș
vorbișoară		1		vorbă	ișoară
vorbuliță		1		vorbă	uliță
vorbușoară		1		vorbă	ușoară
vornicel	1	1		vornic	el
vorniciță	Fem	0		vornic	iță
vrescurel	1	1		vreasc	urel
vulpișoară		1		vulpe	ișoară
vulpiță		1		vulpe	iță
vulpoaică	Fem	0		vulpe	ică
vulturaș	1	1		vultur	aș
vulturel	1	1		vultur	el
vulturoaică	Fem	0		vultur	ică
zambilică		1		zambilă	ică
zarzavagioaică	Fem	0		zarzavagiu	ică
zavragioaică	Fem	0		zavragiu	ică
zăbunaș	1	1		zăbun	aș
zăbunel	1	1	înv., pop.	zăbun	el
zăhărel	1	1		zahăr	el
zănatic		0		zănat	ic
zărzăraș	1	1		zarzăr	aș
zărzărel	1	1		zarzăr	el
zărzărică		1		zarzără	ică
zăvoraș	1	1		zăvor	aș
zânișoară		1		zână	ișoară
zeiță	Fem	0		zeu	iță
zestraș	A	0		zestre	aș
zestrișoară		1		zestre	ișoară
zgăibuliță		1		zgaibă	uliță
zgărdiță		1		zgardă	iță
zgrăbunțică		1		zgrăbunță	ică
zgripțoraș	1	1	monedă	zgripțor	aș
zgripțuroaică		0		zgripțuroi	ică
ziaristică		0		ziarist	ică
zicaș	A	0		zice	aș
zicălaș	A	0	lăutar	zice	ălaș
zidurel	1	1	zid + ur + el	zid	urel
zilaș	A	0	zilier	zi	laș
zimțișor	1	1		zimț	ișor
zimțișor		1		zimț	ișor
zlotaș	A	0	perceptor impozite	zlot	aș
zmeoaică	Fem	0		zmeu	ică
zmeuleț		1		zmeu	uleț
zmeuret		0		zmeur	et
zootehnică		0		zootehnie	ică
zulufel	1	1		zuluf	el
zvârlet		0		zvârli	et
zvonistică		0		zvonist	ică
